{
  "epoch": [
    1,
    2,
    3,
    4,
    5,
    6,
    7,
    8,
    9,
    10,
    11,
    12,
    13,
    14,
    15,
    16,
    17,
    18,
    19,
    20,
    21,
    22,
    23,
    24,
    25,
    26,
    27,
    28,
    29,
    30,
    31,
    32,
    33,
    34,
    35,
    36,
    37,
    38,
    39
  ],
  "train_loss": [
    0.7805111706256866,
    0.4406900852918625,
    0.475670725107193,
    0.07673575868830085,
    0.005118547473102808,
    0.0032199842971749604,
    0.051059004850685596,
    0.006129776127636433,
    0.0001668390705162892,
    0.012066603638231754,
    2.0622581359930336e-05,
    0.49185508451773785,
    0.0006439748976845294,
    0.0017369304987369105,
    0.10824779653921723,
    0.020206506543217984,
    0.00726307380682556,
    0.028180622597574256,
    2.71690350928111e-05,
    0.000638936182440375,
    0.0004983901017112657,
    0.0003512908592711028,
    0.00022463388813775964,
    0.0059170959575567394,
    7.044191443128511e-05,
    0.00015289905059034936,
    0.03291413828264922,
    0.00013749180834565777,
    4.065623306814814e-05,
    8.402676303376211e-05,
    0.008222337579354644,
    0.000655851398505547,
    2.228151197414263e-05,
    0.00026482517296244623,
    2.1695326722692698e-05,
    0.0001724628200463485,
    2.2599302155867917e-05,
    7.115486960174167e-05,
    0.0006747240754521044
  ],
  "val_loss": [
    0.6665512025356293,
    1.0301069617271423,
    0.8153381645679474,
    0.8525806665420532,
    0.68970787525177,
    1.5893638134002686,
    2.1186341643333435,
    1.163520872592926,
    1.284030795097351,
    1.7071065306663513,
    0.8588036298751831,
    2.547088921070099,
    1.4947571754455566,
    1.1269933581352234,
    1.6561704874038696,
    2.036773443222046,
    1.6591923236846924,
    3.9045016765594482,
    0.5252143442630768,
    1.098269671201706,
    1.8124048709869385,
    1.822678804397583,
    1.7280739545822144,
    0.5655543953180313,
    1.1255562007427216,
    0.979022815823555,
    1.1086414456367493,
    1.2818078994750977,
    1.5759849548339844,
    1.0915207862854004,
    2.76154625415802,
    4.126728057861328,
    2.776973009109497,
    1.5851017236709595,
    4.12811815738678,
    0.834196001291275,
    1.508088767528534,
    5.693623781204224,
    1.8410107046365738
  ],
  "lr": [
    0.0001,
    0.00028,
    0.00045999999999999996,
    0.0006399999999999999,
    0.00082,
    0.001,
    0.0009997269020417926,
    0.000998907906795778,
    0.0009975439098212334,
    0.0009956364026288242,
    0.00099318747104966,
    0.0009901997929544675,
    0.000986676635325379,
    0.0009826218506835357,
    0.0009780398728764118,
    0.0009729357122294672,
    0.000967314950067431,
    0.000961183732611204,
    0.000954548764257057,
    0.0009474173002454716,
    0.0009397971387276415,
    0.0009316966122383083,
    0.0009231245785842573,
    0.0009140904111584361,
    0.0009046039886902862,
    0.0008946756844434986,
    0.0008843163548730011,
    0.0008735373277535849,
    0.0008623503897931489,
    0.000850767773744108,
    0.0008388021450270577,
    0.0008264665878813222,
    0.0008137745910575317,
    0.000800740033067871,
    0.0007873771670101304,
    0.0007737006049821523,
    0.000759725302103717,
    0.0007454665401633387,
    0.0007309399109078546
  ],
  "ts": [
    "2026-02-12T10:55:52.468278",
    "2026-02-12T10:56:04.689619",
    "2026-02-12T10:56:15.376832",
    "2026-02-12T10:56:25.552618",
    "2026-02-12T10:56:34.807948",
    "2026-02-12T10:56:46.504840",
    "2026-02-12T10:56:56.570638",
    "2026-02-12T10:57:05.987846",
    "2026-02-12T10:57:16.893312",
    "2026-02-12T10:57:26.662195",
    "2026-02-12T10:57:37.238711",
    "2026-02-12T10:57:48.881492",
    "2026-02-12T10:57:58.934987",
    "2026-02-12T10:58:09.160809",
    "2026-02-12T10:58:19.192766",
    "2026-02-12T10:58:29.029561",
    "2026-02-12T10:58:38.997769",
    "2026-02-12T10:58:49.354140",
    "2026-02-12T10:58:59.850352",
    "2026-02-12T10:59:11.196607",
    "2026-02-12T10:59:28.594387",
    "2026-02-12T10:59:40.153721",
    "2026-02-12T10:59:50.378158",
    "2026-02-12T11:00:01.024516",
    "2026-02-12T11:00:11.218856",
    "2026-02-12T11:00:22.149545",
    "2026-02-12T11:00:31.630484",
    "2026-02-12T11:00:42.643050",
    "2026-02-12T11:00:52.580981",
    "2026-02-12T11:01:03.651076",
    "2026-02-12T11:01:13.960160",
    "2026-02-12T11:01:23.353650",
    "2026-02-12T11:01:34.977283",
    "2026-02-12T11:01:45.082185",
    "2026-02-12T11:01:54.799359",
    "2026-02-12T11:02:04.264618",
    "2026-02-12T11:02:13.688147",
    "2026-02-12T11:02:23.610189",
    "2026-02-12T11:02:33.693314"
  ]
}