{
  "epoch": [
    1,
    2,
    3,
    4,
    5,
    6,
    7,
    8,
    9,
    10,
    11,
    12,
    13,
    14,
    15,
    16,
    17,
    18,
    19,
    20,
    21,
    22,
    23,
    24,
    25,
    26,
    27,
    28,
    29,
    30,
    31,
    32,
    33,
    34
  ],
  "train_loss": [
    0.642812579870224,
    0.5550472587347031,
    0.5478881150484085,
    0.02121335919946432,
    0.0051372640882618725,
    0.004585643415339291,
    0.005330565618351102,
    0.002962627273518592,
    7.582609032397158e-05,
    0.03243815014502616,
    0.27352691677242547,
    0.19374031442566775,
    0.051427495665848255,
    0.06320091022098495,
    0.23730378597974777,
    0.08219676494627493,
    0.013955171958514256,
    0.004072700045981037,
    0.06402627302759356,
    0.001249698584615544,
    6.192274304339662e-05,
    3.2531570468563586e-05,
    9.064264213520801e-05,
    0.00030264472297858447,
    7.264262603712268e-05,
    0.0001378219349135179,
    0.0005090159338578815,
    0.0008696437289472669,
    0.0006216958281584084,
    0.03257101518829586,
    0.19806980434805155,
    0.00039541163641843013,
    0.00012643651098187547,
    0.00015701547090429813
  ],
  "val_loss": [
    0.7091570496559143,
    0.7056070566177368,
    0.6710595488548279,
    0.641994446516037,
    0.5352760851383209,
    1.3070162534713745,
    1.3895062804222107,
    1.407798945903778,
    1.741152286529541,
    1.3139170110225677,
    0.5305755585432053,
    1.2229369133710861,
    0.5452316999435425,
    0.434953972697258,
    0.6290048956871033,
    0.7384628653526306,
    0.5834779441356659,
    1.0450695753097534,
    0.6302836388349533,
    1.361476093530655,
    0.8224892616271973,
    0.6661045551300049,
    1.1400325894355774,
    0.9809513986110687,
    0.6548475623130798,
    0.8255252242088318,
    0.6001937389373779,
    0.7363878488540649,
    2.895219326019287,
    1.2712928652763367,
    0.6013923585414886,
    1.3719087839126587,
    0.7911086529493332,
    0.5367401242256165
  ],
  "lr": [
    0.0001,
    0.00028,
    0.00045999999999999996,
    0.0006399999999999999,
    0.00082,
    0.001,
    0.0009997269020417926,
    0.000998907906795778,
    0.0009975439098212334,
    0.0009956364026288242,
    0.00099318747104966,
    0.0009901997929544675,
    0.000986676635325379,
    0.0009826218506835357,
    0.0009780398728764118,
    0.0009729357122294672,
    0.000967314950067431,
    0.000961183732611204,
    0.000954548764257057,
    0.0009474173002454716,
    0.0009397971387276415,
    0.0009316966122383083,
    0.0009231245785842573,
    0.0009140904111584361,
    0.0009046039886902862,
    0.0008946756844434986,
    0.0008843163548730011,
    0.0008735373277535849,
    0.0008623503897931489,
    0.000850767773744108,
    0.0008388021450270577,
    0.0008264665878813222,
    0.0008137745910575317,
    0.000800740033067871
  ],
  "ts": [
    "2026-02-12T01:20:38.719417",
    "2026-02-12T01:20:50.080270",
    "2026-02-12T01:21:00.395048",
    "2026-02-12T01:21:10.524256",
    "2026-02-12T01:21:19.556313",
    "2026-02-12T01:21:29.461502",
    "2026-02-12T01:21:38.432293",
    "2026-02-12T01:21:47.060772",
    "2026-02-12T01:21:56.499419",
    "2026-02-12T01:22:06.264647",
    "2026-02-12T01:22:16.623834",
    "2026-02-12T01:22:26.147322",
    "2026-02-12T01:22:34.944851",
    "2026-02-12T01:22:44.227276",
    "2026-02-12T01:22:53.928055",
    "2026-02-12T01:23:04.655893",
    "2026-02-12T01:23:13.796516",
    "2026-02-12T01:23:23.397977",
    "2026-02-12T01:23:33.616738",
    "2026-02-12T01:23:43.135688",
    "2026-02-12T01:23:52.549037",
    "2026-02-12T01:24:03.405716",
    "2026-02-12T01:24:12.006305",
    "2026-02-12T01:24:22.799191",
    "2026-02-12T01:24:32.605935",
    "2026-02-12T01:24:41.910760",
    "2026-02-12T01:24:54.281989",
    "2026-02-12T01:25:05.371421",
    "2026-02-12T01:25:18.333329",
    "2026-02-12T01:25:36.262742",
    "2026-02-12T01:25:46.864792",
    "2026-02-12T01:25:55.366163",
    "2026-02-12T01:26:08.998167",
    "2026-02-12T01:26:24.095167"
  ]
}