{
    "epoch": [
        1,
        2,
        3,
        4,
        5,
        6,
        7,
        8,
        9,
        10,
        11,
        12,
        13,
        14,
        15,
        16,
        17,
        18,
        19,
        20,
        21,
        22,
        23,
        24,
        25,
        26,
        27,
        28,
        29,
        30,
        31,
        32,
        33,
        34,
        35,
        36,
        37,
        38,
        39,
        40,
        41,
        42,
        43,
        44
    ],
    "train_loss": [
        0.4735385775566101,
        0.20421631261706352,
        0.08348081330768764,
        0.0025158378994092345,
        4.134127630095463e-05,
        0.03642203474009875,
        0.6274854086805135,
        5.852833237440791e-05,
        4.084323290953762e-05,
        0.002774699911242351,
        6.023127411936002e-05,
        0.8123401070479304,
        0.04838981878492632,
        0.0025194358313456178,
        0.003698196029290557,
        0.004447192532097688,
        0.0007335540140047669,
        0.10499364882707596,
        0.00023837311164243147,
        0.0029735084099229425,
        0.005221461993642151,
        0.062070304760709405,
        0.0024538755242247134,
        0.003818170167505741,
        0.005502734333276749,
        0.006764688063412905,
        0.007751804776489735,
        0.00040219656148110516,
        6.555034633493051e-05,
        0.00018873816588893533,
        0.0018731997697614133,
        0.0005678550696757156,
        4.657559202314587e-05,
        0.0009879970966721885,
        2.3473778128391132e-05,
        0.0002927669575001346,
        0.002783252304652706,
        0.00014361623470904306,
        0.0016714109096938046,
        0.0002818800276145339,
        0.0001243056613020599,
        0.0004043850349262357,
        6.967213084863033e-05,
        4.567098494590027e-05
    ],
    "val_loss": [
        1.0312958359718323,
        1.4388559460639954,
        1.1917698681354523,
        1.1661662459373474,
        0.6363517642021179,
        3.249155044555664,
        2.5443826019763947,
        1.493693232536316,
        1.140885829925537,
        1.967115044593811,
        0.8049099445343018,
        3.6916730403900146,
        1.9484293460845947,
        1.2744289636611938,
        1.9722933769226074,
        3.069384813308716,
        3.1356940269470215,
        4.649886608123779,
        0.6039029955863953,
        1.4370140433311462,
        2.0711372792720795,
        2.197393298149109,
        1.9444048404693604,
        0.5693776309490204,
        1.4802682399749756,
        1.0234684497117996,
        1.6506013870239258,
        1.1926510334014893,
        1.4217772483825684,
        1.552993655204773,
        3.5821614265441895,
        3.5666743516921997,
        1.9961938858032227,
        1.3777070045471191,
        5.094384431838989,
        1.0016305148601532,
        1.3205269575119019,
        6.413123607635498,
        2.261489063501358,
        3.069890022277832,
        1.7165737748146057,
        2.8404427766799927,
        0.8552576005458832,
        2.4825451374053955
    ],
    "learning_rate": [
        0.001,
        0.001,
        0.001,
        0.001,
        0.001,
        0.001,
        0.001,
        0.001,
        0.001,
        0.001,
        0.001,
        0.001,
        0.001,
        0.001,
        0.001,
        0.001,
        0.001,
        0.001,
        0.001,
        0.001,
        0.001,
        0.001,
        0.001,
        0.001,
        0.001,
        0.001,
        0.001,
        0.001,
        0.001,
        0.001,
        0.001,
        0.001,
        0.001,
        0.001,
        0.001,
        0.001,
        0.001,
        0.001,
        0.001,
        0.001,
        0.001,
        0.001,
        0.001,
        0.001
    ],
    "timestamp": [
        "2026-02-12T11:55:36.890849",
        "2026-02-12T11:55:53.953598",
        "2026-02-12T11:56:04.719768",
        "2026-02-12T11:56:17.066347",
        "2026-02-12T11:56:27.233723",
        "2026-02-12T11:56:44.463843",
        "2026-02-12T11:56:55.037919",
        "2026-02-12T11:57:06.196680",
        "2026-02-12T11:57:19.424661",
        "2026-02-12T11:57:29.587321",
        "2026-02-12T11:57:40.788613",
        "2026-02-12T11:57:50.394176",
        "2026-02-12T11:57:59.934863",
        "2026-02-12T11:58:09.764580",
        "2026-02-12T11:58:23.159981",
        "2026-02-12T11:58:39.183639",
        "2026-02-12T11:58:51.454756",
        "2026-02-12T11:59:01.557568",
        "2026-02-12T11:59:11.540288",
        "2026-02-12T11:59:24.709094",
        "2026-02-12T11:59:34.891344",
        "2026-02-12T11:59:45.797961",
        "2026-02-12T11:59:57.974256",
        "2026-02-12T12:00:08.671647",
        "2026-02-12T12:00:20.226774",
        "2026-02-12T12:00:30.453522",
        "2026-02-12T12:00:41.507989",
        "2026-02-12T12:00:52.555818",
        "2026-02-12T12:01:03.004883",
        "2026-02-12T12:01:13.794409",
        "2026-02-12T12:01:24.968398",
        "2026-02-12T12:01:34.076285",
        "2026-02-12T12:01:45.925107",
        "2026-02-12T12:01:55.912476",
        "2026-02-12T12:02:07.629369",
        "2026-02-12T12:02:17.627474",
        "2026-02-12T12:02:27.010372",
        "2026-02-12T12:02:36.800373",
        "2026-02-12T12:02:47.592161",
        "2026-02-12T12:02:57.927447",
        "2026-02-12T12:03:09.565559",
        "2026-02-12T12:03:20.521260",
        "2026-02-12T12:03:32.080265",
        "2026-02-12T12:03:42.248515"
    ]
}