{
  "epoch": [
    1,
    2,
    3,
    4,
    5,
    6,
    7,
    8,
    9,
    10,
    11,
    12,
    13,
    14,
    15,
    16,
    17,
    18,
    19,
    20,
    21,
    22,
    23,
    24,
    25,
    26,
    27,
    28,
    29,
    30,
    31,
    32,
    33
  ],
  "train_loss": [
    0.5971265435218811,
    0.44734926521778107,
    0.8866470158100128,
    0.6986895278096199,
    0.43392622470855713,
    0.2052484154701233,
    1.4520600140094757,
    0.06087151728570461,
    0.04159252066165209,
    0.1497111413627863,
    0.4524852931499481,
    0.2503465171903372,
    0.141483336687088,
    0.12372639030218124,
    0.4804065674543381,
    0.06830967403948307,
    0.6305959448218346,
    0.07437631860375404,
    0.26968798227608204,
    0.22064718510955572,
    0.11510757124051452,
    0.13546648807823658,
    0.14512867759913206,
    1.230677604675293,
    0.11832827515900135,
    0.050727980211377144,
    0.5329539123922586,
    0.3081277012825012,
    0.38864457607269287,
    0.13073350116610527,
    0.27486107870936394,
    0.42779260873794556,
    0.06793698389083147
  ],
  "val_loss": [
    0.7122774720191956,
    0.7107384204864502,
    0.6592481136322021,
    0.5590651035308838,
    0.5820251703262329,
    0.6722981631755829,
    0.6964113712310791,
    0.6049290895462036,
    0.6118337213993073,
    0.8332308530807495,
    0.6453897058963776,
    0.9560238718986511,
    0.5503020584583282,
    0.7182334065437317,
    0.730171263217926,
    0.6775820553302765,
    0.7667754888534546,
    0.9068074524402618,
    0.7450810968875885,
    0.6775687336921692,
    0.8028804361820221,
    0.767648458480835,
    0.7765910625457764,
    0.8138996958732605,
    0.7207343280315399,
    0.6597262620925903,
    0.6652392446994781,
    0.8255329728126526,
    0.7571752369403839,
    0.6753810048103333,
    0.7298540472984314,
    0.7997629046440125,
    0.6775301992893219
  ],
  "lr": [
    0.0001,
    0.00028,
    0.00045999999999999996,
    0.0006399999999999999,
    0.00082,
    0.001,
    0.0009997269020417926,
    0.000998907906795778,
    0.0009975439098212334,
    0.0009956364026288242,
    0.00099318747104966,
    0.0009901997929544675,
    0.000986676635325379,
    0.0009826218506835357,
    0.0009780398728764118,
    0.0009729357122294672,
    0.000967314950067431,
    0.000961183732611204,
    0.000954548764257057,
    0.0009474173002454716,
    0.0009397971387276415,
    0.0009316966122383083,
    0.0009231245785842573,
    0.0009140904111584361,
    0.0009046039886902862,
    0.0008946756844434986,
    0.0008843163548730011,
    0.0008735373277535849,
    0.0008623503897931489,
    0.000850767773744108,
    0.0008388021450270577,
    0.0008264665878813222,
    0.0008137745910575317
  ],
  "ts": [
    "2026-02-12T00:56:48.642204",
    "2026-02-12T00:57:02.638550",
    "2026-02-12T00:57:16.556128",
    "2026-02-12T00:57:30.137067",
    "2026-02-12T00:57:42.427674",
    "2026-02-12T00:57:56.927404",
    "2026-02-12T00:58:10.374651",
    "2026-02-12T00:58:22.924337",
    "2026-02-12T00:58:35.771411",
    "2026-02-12T00:58:48.622400",
    "2026-02-12T00:59:01.691200",
    "2026-02-12T00:59:14.111585",
    "2026-02-12T00:59:26.524742",
    "2026-02-12T00:59:40.456881",
    "2026-02-12T00:59:53.837127",
    "2026-02-12T01:00:06.805207",
    "2026-02-12T01:00:20.105626",
    "2026-02-12T01:00:32.870847",
    "2026-02-12T01:00:46.055366",
    "2026-02-12T01:00:58.205423",
    "2026-02-12T01:01:11.774380",
    "2026-02-12T01:01:24.372611",
    "2026-02-12T01:01:36.655486",
    "2026-02-12T01:01:50.754048",
    "2026-02-12T01:02:03.622165",
    "2026-02-12T01:02:16.455905",
    "2026-02-12T01:02:28.655632",
    "2026-02-12T01:02:41.505366",
    "2026-02-12T01:02:54.089080",
    "2026-02-12T01:03:07.272445",
    "2026-02-12T01:03:19.623214",
    "2026-02-12T01:03:31.634679",
    "2026-02-12T01:03:46.224099"
  ]
}