{
    "epoch": [
        1,
        2,
        3,
        4,
        5,
        6,
        7,
        8,
        9,
        10,
        11,
        12,
        13,
        14,
        15,
        16,
        17,
        18,
        19,
        20,
        21,
        22,
        23,
        24,
        25,
        26,
        27,
        28,
        29,
        30,
        31,
        32,
        33,
        34,
        35,
        36,
        37,
        38,
        39,
        40,
        41,
        42,
        43,
        44
    ],
    "train_loss": [
        0.8679101526737213,
        0.2147588150575757,
        0.261621386744082,
        0.03482773788273334,
        0.013725261529907584,
        0.01604300537146628,
        0.006335508916527033,
        0.004582245979690924,
        0.004334845137782395,
        0.001987630478106439,
        0.0027624409121926874,
        0.0011908181622857228,
        0.0016262079123407602,
        0.004155549325514585,
        0.0005552748159971088,
        0.0002518691602745093,
        0.0008009576878976077,
        0.000274083004478598,
        0.004962718444585334,
        0.000400323438225314,
        0.00020693432888947428,
        0.00023219384165713565,
        0.000676034574280493,
        0.0010019610985182227,
        0.0004260285408236086,
        0.0008940719686506782,
        0.0001887522783363238,
        0.0002695353192393668,
        0.00033574361077626236,
        0.00015942218524287455,
        0.0002157034759875387,
        0.001113791056559421,
        8.782698132563383e-05,
        8.447995351161808e-05,
        0.00010953692908515223,
        8.702423801878467e-05,
        0.0005497819161973894,
        0.000296525884186849,
        9.071476088138298e-05,
        0.00042694362200563775,
        0.00014987967733759433,
        0.00027846254961332305,
        0.0006429879693314433,
        9.323214435426052e-05
    ],
    "val_loss": [
        0.9002313852310181,
        0.8706408739089966,
        0.7442695379257203,
        0.8912735104560852,
        0.8599270582199097,
        1.2583321809768677,
        1.0822808146476746,
        0.7725037574768067,
        1.1616163372993469,
        1.055652105808258,
        0.7748590111732483,
        1.035745668411255,
        1.3177382707595826,
        0.6722891449928283,
        0.8524867534637451,
        0.9004248380661011,
        0.9466316938400269,
        0.6750569581985474,
        1.0881984114646912,
        1.1827515006065368,
        1.1979185223579407,
        0.8478566229343414,
        1.0788821458816529,
        0.5488400042057038,
        0.8509081482887269,
        0.5857130467891694,
        0.9056569576263428,
        0.6393806457519531,
        1.5461618602275848,
        1.1327598094940186,
        0.9498443007469177,
        0.8592128455638885,
        1.1982548713684082,
        1.0053605794906617,
        1.1513526260852813,
        0.8166884899139404,
        0.7847862720489502,
        1.1608819007873534,
        0.7297893941402436,
        1.1494505286216736,
        1.1492456197738647,
        0.6415806025266647,
        1.3730766296386718,
        1.6616151332855225
    ],
    "learning_rate": [
        0.001,
        0.001,
        0.001,
        0.001,
        0.001,
        0.001,
        0.001,
        0.001,
        0.001,
        0.001,
        0.001,
        0.001,
        0.001,
        0.001,
        0.001,
        0.001,
        0.001,
        0.001,
        0.001,
        0.001,
        0.001,
        0.001,
        0.001,
        0.001,
        0.001,
        0.001,
        0.001,
        0.001,
        0.001,
        0.001,
        0.001,
        0.001,
        0.001,
        0.001,
        0.001,
        0.001,
        0.001,
        0.001,
        0.001,
        0.001,
        0.001,
        0.001,
        0.001,
        0.001
    ],
    "timestamp": [
        "2026-02-12T14:11:32.385241",
        "2026-02-12T14:11:59.714365",
        "2026-02-12T14:12:18.114341",
        "2026-02-12T14:12:36.960017",
        "2026-02-12T14:12:53.830920",
        "2026-02-12T14:13:12.074286",
        "2026-02-12T14:13:28.272253",
        "2026-02-12T14:13:43.291936",
        "2026-02-12T14:13:58.129206",
        "2026-02-12T14:14:16.162999",
        "2026-02-12T14:14:32.465643",
        "2026-02-12T14:14:48.213680",
        "2026-02-12T14:15:14.327967",
        "2026-02-12T14:15:33.692158",
        "2026-02-12T14:15:51.900332",
        "2026-02-12T14:16:09.580621",
        "2026-02-12T14:16:27.529277",
        "2026-02-12T14:16:49.555910",
        "2026-02-12T14:17:10.733262",
        "2026-02-12T14:17:27.828104",
        "2026-02-12T14:17:45.465949",
        "2026-02-12T14:18:01.864735",
        "2026-02-12T14:18:17.326081",
        "2026-02-12T14:18:32.544796",
        "2026-02-12T14:18:49.241182",
        "2026-02-12T14:19:05.323462",
        "2026-02-12T14:19:22.092941",
        "2026-02-12T14:19:38.711557",
        "2026-02-12T14:19:55.120651",
        "2026-02-12T14:20:10.554800",
        "2026-02-12T14:20:29.319472",
        "2026-02-12T14:20:45.478961",
        "2026-02-12T14:21:09.512755",
        "2026-02-12T14:21:28.068213",
        "2026-02-12T14:21:46.803412",
        "2026-02-12T14:22:03.219426",
        "2026-02-12T14:22:19.672706",
        "2026-02-12T14:22:35.086798",
        "2026-02-12T14:22:51.088126",
        "2026-02-12T14:23:09.302878",
        "2026-02-12T14:23:27.965832",
        "2026-02-12T14:23:45.756022",
        "2026-02-12T14:24:03.499884",
        "2026-02-12T14:24:19.306881"
    ]
}