{
    "epoch": [
        1,
        2,
        3,
        4,
        5,
        6,
        7,
        8,
        9,
        10,
        11,
        12,
        13,
        14,
        15,
        16,
        17,
        18,
        19,
        20,
        21,
        22,
        23,
        24,
        25,
        26,
        27,
        28,
        29,
        30,
        31,
        32,
        33,
        34,
        35,
        36,
        37,
        38,
        39,
        40,
        41,
        42,
        43,
        44,
        45,
        46
    ],
    "train_loss": [
        0.8109487354755401,
        0.2018190547823906,
        0.17469346690922977,
        0.04390218886546791,
        0.01184795037843287,
        0.09205824804957956,
        0.022634280659258366,
        0.0005937219684710726,
        0.05527542720083147,
        0.0017578861399670132,
        0.007874405954498797,
        0.0010012259561335668,
        0.00040094971482176336,
        0.0013878305748221465,
        0.0006040851585566998,
        0.00028068558240192944,
        0.0003085066637140699,
        0.000363318229210563,
        0.0010359684198192553,
        0.0011222011249628848,
        0.0012443348867236636,
        0.00014634296530857682,
        0.0003770770810660906,
        0.0002626648842124268,
        8.764241210883484e-05,
        0.0002200505667133257,
        4.823341987503227e-05,
        0.0001559008378535509,
        0.00028343248086457604,
        4.969002475263551e-05,
        7.477165399905061e-05,
        0.00043240647501079365,
        0.0001701334218523698,
        9.152935126621742e-05,
        9.94059897493571e-05,
        0.0001336263259872794,
        0.00018360256181040313,
        7.88729841588065e-05,
        4.8979607163346374e-05,
        4.3183109301025977e-05,
        0.00012008905432594474,
        0.00029702739848289637,
        0.00010358267136325593,
        4.551063029794023e-05,
        6.2619579694001e-05,
        7.082469564920758e-05
    ],
    "val_loss": [
        0.9853495836257935,
        0.8505874037742615,
        1.1990755796432495,
        1.216463315486908,
        1.237594187259674,
        1.659817349910736,
        1.2694600224494934,
        0.6892296671867371,
        1.5086874485015869,
        1.0751730799674988,
        0.8446920037269592,
        1.807142198085785,
        1.333584761619568,
        0.8326875895261765,
        1.5795823693275453,
        0.9523761987686157,
        1.6634686768054963,
        1.1843769669532775,
        2.00704288482666,
        1.740804946422577,
        1.3408447742462157,
        1.0399973332881927,
        1.4597191095352173,
        0.9354521989822387,
        1.8298485994338989,
        0.6864487051963806,
        1.5649025082588195,
        1.5596630573272705,
        2.1343929886817934,
        1.574128019809723,
        1.521583354473114,
        1.5725590854883194,
        1.4984705448150635,
        1.3261632680892945,
        1.5218541979789735,
        0.9405273020267486,
        1.192048466205597,
        1.9933024048805237,
        1.0485170215368271,
        1.2048656702041627,
        1.596007263660431,
        1.0986079335212708,
        1.7108497023582458,
        3.0322223544120788,
        1.85432375818491,
        1.3197239279747008
    ],
    "learning_rate": [
        0.001,
        0.001,
        0.001,
        0.001,
        0.001,
        0.001,
        0.001,
        0.001,
        0.001,
        0.001,
        0.001,
        0.001,
        0.001,
        0.001,
        0.001,
        0.001,
        0.001,
        0.001,
        0.001,
        0.001,
        0.001,
        0.001,
        0.001,
        0.001,
        0.001,
        0.001,
        0.001,
        0.001,
        0.001,
        0.001,
        0.001,
        0.001,
        0.001,
        0.001,
        0.001,
        0.001,
        0.001,
        0.001,
        0.001,
        0.001,
        0.001,
        0.001,
        0.001,
        0.001,
        0.001,
        0.001
    ],
    "timestamp": [
        "2026-02-12T13:56:46.707643",
        "2026-02-12T13:57:04.873217",
        "2026-02-12T13:57:22.540257",
        "2026-02-12T13:57:38.571529",
        "2026-02-12T13:57:53.073821",
        "2026-02-12T13:58:09.453353",
        "2026-02-12T13:58:24.904530",
        "2026-02-12T13:58:40.343392",
        "2026-02-12T13:58:56.291228",
        "2026-02-12T13:59:11.872141",
        "2026-02-12T13:59:28.148091",
        "2026-02-12T13:59:43.624417",
        "2026-02-12T13:59:59.682819",
        "2026-02-12T14:00:14.836148",
        "2026-02-12T14:00:30.927056",
        "2026-02-12T14:00:46.702090",
        "2026-02-12T14:01:01.987439",
        "2026-02-12T14:01:17.477759",
        "2026-02-12T14:01:34.186762",
        "2026-02-12T14:01:50.476587",
        "2026-02-12T14:02:06.975862",
        "2026-02-12T14:02:23.905718",
        "2026-02-12T14:02:39.327871",
        "2026-02-12T14:02:54.464558",
        "2026-02-12T14:03:11.052513",
        "2026-02-12T14:03:25.990950",
        "2026-02-12T14:03:42.276876",
        "2026-02-12T14:03:57.522560",
        "2026-02-12T14:04:12.434089",
        "2026-02-12T14:04:26.264577",
        "2026-02-12T14:04:40.424040",
        "2026-02-12T14:04:56.007989",
        "2026-02-12T14:05:11.269347",
        "2026-02-12T14:05:26.735388",
        "2026-02-12T14:05:41.854352",
        "2026-02-12T14:05:56.886667",
        "2026-02-12T14:06:13.130282",
        "2026-02-12T14:06:28.875605",
        "2026-02-12T14:06:44.595875",
        "2026-02-12T14:07:01.735205",
        "2026-02-12T14:07:18.829535",
        "2026-02-12T14:07:35.563726",
        "2026-02-12T14:07:52.401967",
        "2026-02-12T14:08:07.778083",
        "2026-02-12T14:08:23.893346",
        "2026-02-12T14:08:39.261118"
    ]
}