{
    "epoch": [
        1,
        2,
        3,
        4,
        5,
        6,
        7,
        8,
        9,
        10,
        11,
        12,
        13,
        14,
        15,
        16,
        17,
        18,
        19,
        20,
        21,
        22,
        23,
        24,
        25,
        26,
        27,
        28,
        29,
        30,
        31,
        32,
        33,
        34,
        35,
        36,
        37,
        38,
        39,
        40,
        41,
        42
    ],
    "train_loss": [
        0.5018632497638464,
        0.10829174219688867,
        0.11839168266160413,
        0.16130051342770457,
        0.04488035024260171,
        0.017376013008470182,
        0.07861195728910389,
        0.028856798488413916,
        0.04474258713744348,
        0.013061323573128902,
        0.004798529286927078,
        0.007347751293400507,
        0.0006649511662544683,
        0.007383258231675427,
        0.006340497863357086,
        0.0004372828519308314,
        0.09796084611225524,
        0.012169426101900171,
        0.025174187327229446,
        0.017916379887719814,
        0.014189496378821786,
        0.06921162252933755,
        0.0935163466463564,
        0.056132323402562176,
        0.008764378499836311,
        0.035896720342861954,
        0.008693806998780928,
        0.002746193951315945,
        0.0010156845279198023,
        0.0006576580770342843,
        0.0009333684083685512,
        0.0008168747416675614,
        0.02478873184618351,
        0.005452215338664246,
        0.001056905058612756,
        0.0010958502658468205,
        0.0007914488196547609,
        0.009941581289240276,
        0.010170234818315294,
        0.10734347996982478,
        0.02201777687005233,
        0.011580499286174018
    ],
    "val_loss": [
        0.8575948506593705,
        0.8971297442913055,
        0.9071432083845139,
        0.8082223176956177,
        0.8317412376403809,
        0.8698257029056549,
        0.9743955552577972,
        0.9419061064720153,
        0.80065036714077,
        0.7719511687755585,
        0.9837214589118958,
        0.858997467160225,
        1.1378462582826614,
        1.0681707352399825,
        1.3363535821437835,
        1.0497837007045745,
        0.8616601198911666,
        0.9435784608125687,
        0.9611667037010193,
        1.0044908404350281,
        1.117746889591217,
        0.7702432423830032,
        1.0612366378307343,
        0.9938250720500946,
        0.8545856684446335,
        0.9422518521547317,
        1.0198832899332047,
        1.1211983144283295,
        1.0732041716575622,
        1.4693894535303116,
        1.1500591099262238,
        1.3518141210079193,
        1.0404258847236634,
        1.097806316614151,
        1.1065925389528275,
        1.6938780009746552,
        1.301187402009964,
        1.3386609554290771,
        1.6648028165102005,
        0.8984892100095749,
        0.8676855057477951,
        0.8539207011461258
    ],
    "learning_rate": [
        0.001,
        0.001,
        0.001,
        0.001,
        0.001,
        0.001,
        0.001,
        0.001,
        0.001,
        0.001,
        0.001,
        0.001,
        0.001,
        0.001,
        0.001,
        0.001,
        0.001,
        0.001,
        0.001,
        0.001,
        0.001,
        0.001,
        0.001,
        0.001,
        0.001,
        0.001,
        0.001,
        0.001,
        0.001,
        0.001,
        0.001,
        0.001,
        0.001,
        0.001,
        0.001,
        0.001,
        0.001,
        0.001,
        0.001,
        0.001,
        0.001,
        0.001
    ],
    "timestamp": [
        "2026-02-12T15:05:29.389442",
        "2026-02-12T15:06:42.658690",
        "2026-02-12T15:07:58.055058",
        "2026-02-12T15:09:08.376915",
        "2026-02-12T15:10:22.140679",
        "2026-02-12T15:11:31.857351",
        "2026-02-12T15:12:40.548694",
        "2026-02-12T15:13:45.838876",
        "2026-02-12T15:14:54.047820",
        "2026-02-12T15:16:01.669455",
        "2026-02-12T15:17:10.740174",
        "2026-02-12T15:18:26.073989",
        "2026-02-12T15:19:38.037830",
        "2026-02-12T15:20:48.803653",
        "2026-02-12T15:22:01.896526",
        "2026-02-12T15:23:21.147469",
        "2026-02-12T15:24:32.892957",
        "2026-02-12T15:25:43.438904",
        "2026-02-12T15:39:36.967279",
        "2026-02-12T15:40:44.551841",
        "2026-02-12T15:48:05.302408",
        "2026-02-12T15:49:13.151095",
        "2026-02-12T15:50:31.075609",
        "2026-02-12T15:51:45.495368",
        "2026-02-12T15:53:02.663043",
        "2026-02-12T15:54:35.297841",
        "2026-02-12T15:55:48.181367",
        "2026-02-12T15:56:57.333932",
        "2026-02-12T15:58:11.867340",
        "2026-02-12T15:59:25.965462",
        "2026-02-12T16:00:37.350547",
        "2026-02-12T16:01:52.681730",
        "2026-02-12T16:03:09.967193",
        "2026-02-12T16:04:20.180423",
        "2026-02-12T16:05:35.634859",
        "2026-02-12T16:06:52.626060",
        "2026-02-12T16:08:30.919133",
        "2026-02-12T16:09:56.518235",
        "2026-02-12T16:11:14.353853",
        "2026-02-12T16:12:29.628317",
        "2026-02-12T16:13:47.598015",
        "2026-02-12T16:15:07.764768"
    ]
}