{
    "epoch": [
        1,
        2,
        3,
        4,
        5,
        6,
        7,
        8,
        9,
        10,
        11,
        12,
        13,
        14,
        15,
        16,
        17,
        18,
        19,
        20,
        21,
        22,
        23,
        24,
        25,
        26,
        27,
        28,
        29,
        30,
        31,
        32,
        33,
        34,
        35,
        36,
        37,
        38,
        39,
        40,
        41,
        42,
        43,
        44,
        45,
        46,
        47,
        48,
        49,
        50,
        51,
        52,
        53,
        54,
        55,
        56,
        57,
        58,
        59,
        60,
        61,
        62,
        63,
        64,
        65,
        66,
        67,
        68,
        69,
        70,
        71,
        72,
        73,
        74,
        75,
        76,
        77,
        78
    ],
    "train_loss": [
        1.1555447310209275,
        1.025169736146927,
        1.0291789531707765,
        0.8931991219520569,
        0.9299954473972321,
        0.8708487570285797,
        0.8929637014865875,
        0.8660827815532685,
        0.8646482288837433,
        0.8182806551456452,
        0.7455597460269928,
        0.8731517970561982,
        0.8706402242183685,
        0.8937610626220703,
        0.7608410358428955,
        0.7894398868083954,
        0.769681167602539,
        0.7908704578876495,
        0.7427598536014557,
        0.757445752620697,
        0.7433541417121887,
        0.8103367388248444,
        0.733820641040802,
        0.7272616505622864,
        0.7337383568286896,
        0.755835908651352,
        0.6956200897693634,
        0.7506035685539245,
        0.7420383214950561,
        0.7140485584735871,
        0.6958196520805359,
        0.7051001787185669,
        0.74638911485672,
        0.7595988035202026,
        0.7382096648216248,
        0.7114843368530274,
        0.7342853248119354,
        0.7228662371635437,
        0.7524711728096009,
        0.759419047832489,
        0.719320660829544,
        0.7018091320991516,
        0.7265520870685578,
        0.709307736158371,
        0.7205771028995513,
        0.7436472952365876,
        0.7491869390010834,
        0.7396240234375,
        0.7057558119297027,
        0.689723527431488,
        0.7066131114959717,
        0.7103801369667053,
        0.7355651259422302,
        0.6961602509021759,
        0.7297116398811341,
        0.6977709949016571,
        0.7025610744953156,
        0.7183359205722809,
        0.6970613777637482,
        0.7131694614887237,
        0.7049724578857421,
        0.6885278761386872,
        0.6916527092456818,
        0.7144435584545136,
        0.6846682488918304,
        0.6840360462665558,
        0.7125531315803528,
        0.6952182233333588,
        0.7092763662338257,
        0.7134871244430542,
        0.694267076253891,
        0.7018628716468811,
        0.7078445017337799,
        0.70045245885849,
        0.7040416061878204,
        0.6859955012798309,
        0.7009011030197143,
        0.7170373678207398
    ],
    "val_loss": [
        0.6982696056365967,
        0.7558753550052643,
        0.6982925415039063,
        0.6962107002735138,
        0.7276597559452057,
        0.7127660155296326,
        0.7591425523161888,
        1.0809161990880967,
        0.717553636431694,
        0.8968779444694519,
        0.9204854190349578,
        0.7299917221069336,
        0.7591879963874817,
        0.7400795817375183,
        0.7029333114624023,
        0.7164611160755158,
        0.7511615812778473,
        0.822505384683609,
        0.8158106207847595,
        0.8549041986465454,
        0.8012816071510315,
        0.7286387801170349,
        0.69364413022995,
        0.7077365785837173,
        0.7396299958229064,
        0.694882720708847,
        0.8340654075145721,
        0.8489850342273713,
        0.7338993072509765,
        0.7605943024158478,
        0.7852446734905243,
        0.7741602897644043,
        0.7924163103103637,
        0.7299023747444153,
        0.7357237219810486,
        0.7135101616382599,
        0.7195243120193482,
        0.7027361869812012,
        0.7168235778808594,
        0.6888361036777496,
        0.7588487446308136,
        0.7175678133964538,
        0.6901530981063843,
        0.7044155776500702,
        0.7155146539211273,
        0.7133522808551789,
        0.6808307886123657,
        0.647587901353836,
        0.7054170370101929,
        0.6722800195217132,
        0.6604389786720276,
        0.7012863218784332,
        0.6649939358234406,
        0.7049807786941529,
        0.7085773229599,
        0.7239084899425506,
        0.7083278179168702,
        0.6886119842529297,
        0.6698925375938416,
        0.706800377368927,
        0.6952852487564087,
        0.7126202642917633,
        0.7038536012172699,
        0.7426412105560303,
        0.6794117331504822,
        0.7015835702419281,
        0.7000802218914032,
        0.6881242632865906,
        0.7040030837059021,
        0.7240496397018432,
        0.6849643647670746,
        0.7198627412319183,
        0.7125220477581025,
        0.7076397120952607,
        0.7517243981361389,
        0.6702521085739136,
        0.6765952587127686,
        0.6640248239040375
    ],
    "learning_rate": [
        0.001,
        0.001,
        0.001,
        0.001,
        0.001,
        0.001,
        0.001,
        0.001,
        0.001,
        0.001,
        0.001,
        0.001,
        0.001,
        0.001,
        0.001,
        0.001,
        0.001,
        0.001,
        0.001,
        0.001,
        0.001,
        0.001,
        0.001,
        0.001,
        0.001,
        0.001,
        0.001,
        0.001,
        0.001,
        0.001,
        0.001,
        0.001,
        0.001,
        0.001,
        0.001,
        0.001,
        0.001,
        0.001,
        0.001,
        0.001,
        0.001,
        0.001,
        0.001,
        0.001,
        0.001,
        0.001,
        0.001,
        0.001,
        0.001,
        0.001,
        0.001,
        0.001,
        0.001,
        0.001,
        0.001,
        0.001,
        0.001,
        0.001,
        0.001,
        0.001,
        0.001,
        0.001,
        0.001,
        0.001,
        0.001,
        0.001,
        0.001,
        0.001,
        0.001,
        0.001,
        0.001,
        0.001,
        0.001,
        0.001,
        0.001,
        0.001,
        0.001,
        0.001
    ],