{
  "train_loss": [
    0.7675827223062516,
    0.6927986770868302,
    0.6942077285051346,
    0.6942154145240784,
    0.6930706512928009,
    0.6966464400291443,
    0.6944719851016998,
    0.6931626296043396,
    0.6931571793556214,
    0.6931612879037857,
    0.6932266241312027,
    0.6931790393590928,
    0.693182390332222,
    0.6931777381896973,
    0.6931553739309311
  ],
  "val_loss": [
    0.6866600412130356,
    0.6922669380903244,
    0.6932185816764832,
    0.6932821482419967,
    0.6856795245409012,
    0.6934065169095993,
    0.6952082961797714,
    0.6932211691141128,
    0.694423640370369,
    0.6941360068321228,
    0.6984535157680511,
    0.6941595178842545,
    0.6931053644418717,
    0.6933085858821869,
    0.6932252717018127
  ],
  "epochs": [
    1,
    2,
    3,
    4,
    5,
    6,
    7,
    8,
    9,
    10,
    11,
    12,
    13,
    14,
    15
  ]
}