{
    "epoch": [
        1,
        2,
        3,
        4,
        5,
        6,
        7,
        8,
        9,
        10,
        11,
        12,
        13,
        14,
        15,
        16,
        17,
        18,
        19,
        20,
        21,
        22,
        23,
        24,
        25,
        26,
        27,
        28,
        29,
        30,
        31,
        32,
        33,
        34,
        35
    ],
    "train_loss": [
        0.7823464393615722,
        0.8337836861610413,
        0.8456456005573273,
        0.9591762959957123,
        0.8010089993476868,
        0.757410728931427,
        0.7898725211620331,
        0.7580146729946137,
        0.7404756307601928,
        0.7253047525882721,
        0.7351032972335816,
        0.7383155465126038,
        0.7509417116641999,
        0.768766725063324,
        0.7386592268943787,
        0.7033247351646423,
        0.7197078764438629,
        0.7015512526035309,
        0.7048565089702606,
        0.7201910495758057,
        0.7219000458717346,
        0.7008140087127686,
        0.7336256206035614,
        0.6982032775878906,
        0.7360561966896058,
        0.7209426522254944,
        0.7069808006286621,
        0.6902384877204895,
        0.6867930889129639,
        0.7156210005283355,
        0.684931081533432,
        0.700388365983963,
        0.7348403036594391,
        0.7222967922687531,
        0.6786537647247315
    ],
    "val_loss": [
        0.6928295195102692,
        0.7055393099784851,
        0.7276497185230255,
        0.6951261162757874,
        0.661565774679184,
        0.6920704364776611,
        0.7042924702167511,
        0.6707304418087006,
        0.7255393505096436,
        0.6927808523178101,
        0.7319450139999389,
        0.7116034090518951,
        0.7459372580051422,
        0.6946421921253204,
        0.7077250182628632,
        0.6684533655643463,
        0.7355120301246643,
        0.7182608067989349,
        0.6947641551494599,
        0.6988897323608398,
        0.6894190728664398,
        0.7006230831146241,
        0.7022282302379608,
        0.710761547088623,
        0.6930263817310334,
        0.6724436640739441,
        0.7071265816688538,
        0.7185646057128906,
        0.6917665779590607,
        0.7101948022842407,
        0.6918713688850403,
        0.7059107780456543,
        0.6905147731304169,
        0.7023056149482727,
        0.7030279874801636
    ],
    "learning_rate": [
        0.001,
        0.001,
        0.001,
        0.001,
        0.001,
        0.001,
        0.001,
        0.001,
        0.001,
        0.001,
        0.001,
        0.001,
        0.001,
        0.001,
        0.001,
        0.001,
        0.001,
        0.001,
        0.001,
        0.001,
        0.001,
        0.001,
        0.001,
        0.001,
        0.001,
        0.001,
        0.001,
        0.001,
        0.001,
        0.001,
        0.001,
        0.001,
        0.001,
        0.001,
        0.001
    ],
    "timestamp": [
        "2025-11-07T23:00:40.465565",
        "2025-11-07T23:01:09.757765",
        "2025-11-07T23:01:37.856249",
        "2025-11-07T23:02:05.411759",
        "2025-11-07T23:02:32.858836",
        "2025-11-07T23:03:01.512193",
        "2025-11-07T23:03:29.214020",
        "2025-11-07T23:03:58.011900",
        "2025-11-07T23:04:25.493421",
        "2025-11-07T23:04:53.568136",
        "2025-11-07T23:05:22.346649",
        "2025-11-07T23:05:51.488479",
        "2025-11-07T23:06:19.630370",
        "2025-11-07T23:06:47.941050",
        "2025-11-07T23:07:16.404722",
        "2025-11-07T23:07:44.771356",
        "2025-11-07T23:08:12.524405",
        "2025-11-07T23:08:41.605227",
        "2025-11-07T23:09:09.979552",
        "2025-11-07T23:09:38.849184",
        "2025-11-07T23:10:07.265827",
        "2025-11-07T23:10:35.767152",
        "2025-11-07T23:11:04.222070",
        "2025-11-07T23:11:32.099262",
        "2025-11-07T23:12:00.004909",
        "2025-11-07T23:12:28.362044",
        "2025-11-07T23:12:56.506170",
        "2025-11-07T23:13:24.657316",
        "2025-11-07T23:13:52.781497",
        "2025-11-07T23:14:21.026897",
        "2025-11-07T23:14:49.812448",
        "2025-11-07T23:15:17.677210",
        "2025-11-07T23:15:46.502673",
        "2025-11-07T23:16:15.086204",
        "2025-11-07T23:16:42.945699"
    ]
}